"_id","content","created_time","nickname"
"5d5e791bb0c9ab3a7b6f32d5","慕容公子，我这辈子是注定与你无缘了","22/8/2019 11:14:35.055","王语嫣"
"5d5ec0940927f90d225b395c","我是上帝","22/8/2019 16:19:32.859","ANA"
"5d67f8b83c6b180d8b73a9f1","如果奇迹有颜色 那一定是中国红","29/8/2019 16:09:28.423","Zeus"
"5d67fa173c6b180d8b73a9f2","我，再说一次！我没有开挂.","29/8/2019 16:15:19.393","卢本伟"
"5d6c87883c6b180d8b73a9f4","<script>alert('ha')</script>","2/9/2019 03:07:52.061","random"
"5d80ea893c6b180d8b73aa08","路过，顺便留个言！","17/9/2019 14:15:37.523","芒果"
"5d80ef6a3c6b180d8b73aa09","继续加油!","17/9/2019 14:36:26.574","Sakura"
"5d96fc803c6b180d8b73aa0c","加油！","4/10/2019 08:02:08.667","ABBAmi"
"5da35fc03c6b180d8b73aa0f","路过，踩一下","13/10/2019 17:32:48.995","fairy"
"5dc039223c6b180d8b73aa16","希望自己在十一月能顺利！","4/11/2019 14:43:46.394","best wish to me"
